78;Гусь-Хрустальный;Ясногорск;03.04.2023;15:00;любой
261;Радужный;Ясногорск;10.04.2023;15:00;любой
327;Радужный;Ясногорск;11.04.2023;15:00;любой
385;Радужный;Ясногорск;14.04.2023;13:00;любой
493;Суздаль;Ясногорск;16.04.2023;15:00;любой
546;Суздаль;Ясногорск;17.04.2023;15:00;любой
592;Суздаль;Ясногорск;18.04.2023;15:00;любой
217;Волгоград;Рыбинск;09.04.2023;00:00;любой
331;Волгоград;Рыбинск;11.04.2023;00:00;любой
595;Волгоград;Рыбинск;18.04.2023;00:00;любой
851;Волгоград;Рыбинск;24.04.2023;00:00;любой
984;Волгоград;Рыбинск;29.04.2023;00:00;любой
124;Владимир;Ясногорск;07.04.2023;15:00;любой
405;Владимир;Ясногорск;14.04.2023;15:00;любой
619;Владимир;Ясногорск;18.04.2023;12:00;любой
622;Владимир;Ясногорск;18.04.2023;15:00;любой
671;Владимир;Ясногорск;21.04.2023;15:00;любой
742;Владимир;Ясногорск;22.04.2023;;любой
822;Владимир;Ясногорск;24.04.2023;15:00;любой
12;Иваново;Ясногорск;01.04.2023;15:00;любой
18;Иваново;Ясногорск;01.04.2023;15:00;любой
23;Иваново;Ясногорск;01.04.2023;15:00;любой
24;Иваново;Ясногорск;01.04.2023;15:00;любой
25;Иваново;Ясногорск;01.04.2023;15:00;любой
39;Иваново;Ясногорск;02.04.2023;15:00;любой
41;Иваново;Ясногорск;02.04.2023;;любой
42;Иваново;Ясногорск;02.04.2023;15:00;любой
46;Иваново;Ясногорск;02.04.2023;16:00;любой
47;Иваново;Ясногорск;02.04.2023;16:00;любой
50;Иваново;Ясногорск;02.04.2023;15:00;любой
68;Иваново;Ясногорск;03.04.2023;15:00;любой
76;Иваново;Ясногорск;03.04.2023;15:00;любой
99;Иваново;Ясногорск;03.04.2023;15:00;любой
118;Иваново;Ясногорск;07.04.2023;15:00;любой
131;Иваново;Ясногорск;07.04.2023;15:00;любой
133;Иваново;Ясногорск;07.04.2023;15:00;любой
135;Иваново;Ясногорск;07.04.2023;16:00;любой
136;Иваново;Ясногорск;07.04.2023;16:00;любой
167;Иваново;Ясногорск;08.04.2023;15:00;любой
179;Иваново;Ясногорск;08.04.2023;15:00;любой
180;Иваново;Ясногорск;08.04.2023;15:00;любой
182;Иваново;Ясногорск;08.04.2023;15:00;любой
183;Иваново;Ясногорск;08.04.2023;15:00;любой
208;Иваново;Ясногорск;09.04.2023;15:00;любой
211;Иваново;Ясногорск;09.04.2023;15:00;любой
219;Иваново;Ясногорск;09.04.2023;15:00;любой
224;Иваново;Ясногорск;09.04.2023;14:00;любой
226;Иваново;Ясногорск;09.04.2023;15:00;любой
227;Иваново;Ясногорск;09.04.2023;15:00;любой
231;Иваново;Ясногорск;09.04.2023;15:00;любой
232;Иваново;Ясногорск;09.04.2023;14:00;любой
233;Иваново;Ясногорск;09.04.2023;16:00;любой
247;Иваново;Ясногорск;10.04.2023;15:00;любой
259;Иваново;Ясногорск;10.04.2023;15:00;любой
262;Иваново;Ясногорск;10.04.2023;15:00;любой
268;Иваново;Ясногорск;10.04.2023;15:00;любой
270;Иваново;Ясногорск;10.04.2023;15:00;любой
279;Иваново;Ясногорск;10.04.2023;15:00;любой
301;Иваново;Ясногорск;11.04.2023;15:00;любой
302;Иваново;Ясногорск;11.04.2023;15:00;любой
311;Иваново;Ясногорск;11.04.2023;15:00;любой
325;Иваново;Ясногорск;11.04.2023;15:00;любой
380;Иваново;Ясногорск;14.04.2023;15:00;любой
406;Иваново;Ясногорск;14.04.2023;15:00;любой
409;Иваново;Ясногорск;14.04.2023;20:00;любой
419;Иваново;Ясногорск;14.04.2023;15:00;любой
420;Иваново;Ясногорск;14.04.2023;15:00;любой
444;Иваново;Ясногорск;15.04.2023;15:00;любой
456;Иваново;Ясногорск;15.04.2023;15:00;любой
459;Иваново;Ясногорск;15.04.2023;15:00;любой
467;Иваново;Ясногорск;15.04.2023;15:00;любой
468;Иваново;Ясногорск;15.04.2023;15:00;любой
509;Иваново;Ясногорск;16.04.2023;16:00;любой
514;Иваново;Ясногорск;16.04.2023;15:00;любой
518;Иваново;Ясногорск;16.04.2023;15:00;любой
540;Иваново;Ясногорск;17.04.2023;15:00;любой
548;Иваново;Ясногорск;17.04.2023;15:00;любой
555;Иваново;Ясногорск;17.04.2023;15:00;любой
590;Иваново;Ясногорск;18.04.2023;15:00;любой
598;Иваново;Ясногорск;18.04.2023;15:00;любой
618;Иваново;Ясногорск;18.04.2023;15:00;любой
657;Иваново;Ясногорск;18.04.2023;16:00;любой
689;Иваново;Ясногорск;21.04.2023;15:00;любой
690;Иваново;Ясногорск;21.04.2023;15:00;любой
691;Иваново;Ясногорск;21.04.2023;15:00;любой
696;Иваново;Ясногорск;21.04.2023;15:00;любой
698;Иваново;Ясногорск;21.04.2023;15:00;любой
699;Иваново;Ясногорск;21.04.2023;15:00;любой
700;Иваново;Ясногорск;21.04.2023;15:00;любой
734;Иваново;Ясногорск;22.04.2023;15:00;любой
746;Иваново;Ясногорск;22.04.2023;15:00;любой
747;Иваново;Ясногорск;22.04.2023;16:00;любой
750;Иваново;Ясногорск;22.04.2023;;любой
752;Иваново;Ясногорск;22.04.2023;16:00;любой
753;Иваново;Ясногорск;22.04.2023;16:00;любой
754;Иваново;Ясногорск;22.04.2023;16:00;любой
769;Иваново;Ясногорск;23.04.2023;15:00;любой
796;Иваново;Ясногорск;24.04.2023;15:00;любой
817;Иваново;Ясногорск;24.04.2023;14:00;любой
820;Иваново;Ясногорск;24.04.2023;15:00;любой
848;Иваново;Ясногорск;24.04.2023;15:00;любой
875;Иваново;Ясногорск;25.04.2023;15:00;любой
876;Иваново;Ясногорск;25.04.2023;15:00;любой
887;Иваново;Ясногорск;25.04.2023;15:00;любой
888;Иваново;Ясногорск;25.04.2023;16:00;любой
889;Иваново;Ясногорск;25.04.2023;16:00;любой
895;Иваново;Ясногорск;25.04.2023;15:00;любой
896;Иваново;Ясногорск;25.04.2023;15:00;любой
897;Иваново;Ясногорск;25.04.2023;15:00;любой
899;Иваново;Ясногорск;25.04.2023;16:00;любой
900;Иваново;Ясногорск;25.04.2023;16:00;любой
901;Иваново;Ясногорск;25.04.2023;16:00;любой
902;Иваново;Ясногорск;25.04.2023;16:00;любой
950;Иваново;Ясногорск;28.04.2023;15:00;любой
954;Иваново;Ясногорск;28.04.2023;16:00;любой
956;Иваново;Ясногорск;28.04.2023;15:00;любой
957;Иваново;Ясногорск;28.04.2023;15:00;любой
958;Иваново;Ясногорск;28.04.2023;16:00;любой
959;Иваново;Ясногорск;28.04.2023;16:00;любой
960;Иваново;Ясногорск;28.04.2023;16:00;любой
972;Иваново;Ясногорск;28.04.2023;15:00;любой
989;Иваново;Ясногорск;29.04.2023;15:00;любой
993;Иваново;Ясногорск;29.04.2023;15:00;любой
1002;Иваново;Ясногорск;29.04.2023;16:00;любой
1005;Иваново;Ясногорск;29.04.2023;15:00;любой
1007;Иваново;Ясногорск;29.04.2023;16:00;любой
1025;Иваново;Ясногорск;30.04.2023;16:00;любой
1029;Иваново;Ясногорск;30.04.2023;;любой
1040;Иваново;Ясногорск;30.04.2023;15:00;любой
1046;Иваново;Ясногорск;30.04.2023;15:00;любой
1047;Иваново;Ясногорск;30.04.2023;15:00;любой
110;Иваново;Рыбинск;07.04.2023;00:00;любой
111;Иваново;Рыбинск;07.04.2023;00:00;любой
112;Иваново;Рыбинск;07.04.2023;00:00;любой
113;Иваново;Рыбинск;07.04.2023;00:00;любой
119;Иваново;Рыбинск;07.04.2023;00:00;любой
137;Иваново;Рыбинск;07.04.2023;00:00;задний
138;Иваново;Рыбинск;07.04.2023;00:00;задний
148;Иваново;Рыбинск;07.04.2023;00:00;задний
150;Иваново;Рыбинск;07.04.2023;00:00;задний
171;Иваново;Рыбинск;08.04.2023;00:00;любой
184;Иваново;Рыбинск;08.04.2023;00:00;любой
196;Иваново;Рыбинск;09.04.2023;00:00;задний
214;Иваново;Рыбинск;09.04.2023;00:00;задний
215;Иваново;Рыбинск;09.04.2023;00:00;задний
244;Иваново;Рыбинск;09.04.2023;00:00;любой
251;Иваново;Рыбинск;10.04.2023;00:00;любой
257;Иваново;Рыбинск;10.04.2023;00:00;задний
276;Иваново;Рыбинск;10.04.2023;00:00;любой
288;Иваново;Рыбинск;10.04.2023;00:00;задний
316;Иваново;Рыбинск;11.04.2023;00:00;задний
334;Иваново;Рыбинск;11.04.2023;00:00;задний
416;Иваново;Рыбинск;14.04.2023;00:00;любой
417;Иваново;Рыбинск;14.04.2023;00:00;любой
423;Иваново;Рыбинск;14.04.2023;00:00;любой
427;Иваново;Рыбинск;14.04.2023;00:00;задний
476;Иваново;Рыбинск;15.04.2023;00:00;любой
479;Иваново;Рыбинск;15.04.2023;00:00;задний
481;Иваново;Рыбинск;15.04.2023;00:00;любой
485;Иваново;Рыбинск;15.04.2023;00:00;любой
500;Иваново;Рыбинск;16.04.2023;00:00;задний
505;Иваново;Рыбинск;16.04.2023;00:00;любой
522;Иваново;Рыбинск;16.04.2023;00:00;задний
550;Иваново;Рыбинск;17.04.2023;00:00;задний
552;Иваново;Рыбинск;17.04.2023;00:00;любой
553;Иваново;Рыбинск;17.04.2023;00:00;любой
554;Иваново;Рыбинск;17.04.2023;00:00;задний
582;Иваново;Рыбинск;18.04.2023;00:00;любой
596;Иваново;Рыбинск;18.04.2023;00:00;любой
608;Иваново;Рыбинск;18.04.2023;00:00;задний
682;Иваново;Рыбинск;21.04.2023;00:00;любой
720;Иваново;Рыбинск;22.04.2023;00:00;задний
721;Иваново;Рыбинск;22.04.2023;00:00;любой
722;Иваново;Рыбинск;22.04.2023;00:00;любой
723;Иваново;Рыбинск;22.04.2023;00:00;задний
755;Иваново;Рыбинск;22.04.2023;00:00;любой
797;Иваново;Рыбинск;24.04.2023;00:00;любой
823;Иваново;Рыбинск;24.04.2023;00:00;любой
828;Иваново;Рыбинск;24.04.2023;00:00;задний
844;Иваново;Рыбинск;24.04.2023;00:00;любой
849;Иваново;Рыбинск;24.04.2023;00:00;любой
857;Иваново;Рыбинск;25.04.2023;00:00;любой
858;Иваново;Рыбинск;25.04.2023;00:00;задний
867;Иваново;Рыбинск;25.04.2023;00:00;любой
868;Иваново;Рыбинск;25.04.2023;00:00;любой
921;Иваново;Рыбинск;26.04.2023;00:00;задний
932;Иваново;Рыбинск;28.04.2023;00:00;любой
937;Иваново;Рыбинск;28.04.2023;00:00;любой
966;Иваново;Рыбинск;28.04.2023;00:00;задний
994;Иваново;Рыбинск;29.04.2023;00:00;любой
1004;Иваново;Рыбинск;29.04.2023;00:00;задний
1011;Иваново;Рыбинск;29.04.2023;00:00;задний
1015;Иваново;Рыбинск;29.04.2023;00:00;задний
1031;Иваново;Рыбинск;30.04.2023;00:00;задний
1055;Иваново;Рыбинск;30.04.2023;00:00;любой
1056;Иваново;Рыбинск;30.04.2023;00:00;любой
1059;Иваново;Рыбинск;30.04.2023;00:00;задний
1060;Иваново;Рыбинск;30.04.2023;00:00;задний
139;Казань;Рыбинск;07.04.2023;00:00;боковой
175;Казань;Рыбинск;08.04.2023;00:00;боковой
242;Казань;Рыбинск;09.04.2023;00:00;боковой
283;Казань;Рыбинск;10.04.2023;00:00;боковой
314;Казань;Рыбинск;11.04.2023;00:00;боковой
392;Казань;Рыбинск;14.04.2023;00:00;боковой
439;Казань;Рыбинск;15.04.2023;00:00;боковой
495;Казань;Рыбинск;16.04.2023;00:00;боковой
531;Казань;Рыбинск;17.04.2023;00:00;боковой
533;Казань;Рыбинск;17.04.2023;00:00;боковой
583;Казань;Рыбинск;18.04.2023;00:00;боковой
668;Казань;Рыбинск;21.04.2023;00:00;боковой
727;Казань;Рыбинск;22.04.2023;00:00;боковой
765;Казань;Рыбинск;23.04.2023;00:00;боковой
813;Казань;Рыбинск;24.04.2023;00:00;боковой
881;Казань;Рыбинск;25.04.2023;00:00;боковой
944;Казань;Рыбинск;28.04.2023;00:00;боковой
1013;Казань;Рыбинск;29.04.2023;00:00;боковой
1038;Калуга;Ясногорск;30.04.2023;;любой
19;Рязань;Ясногорск;01.04.2023;15:00;любой
55;Рязань;Ясногорск;02.04.2023;21:00;любой
162;Рязань;Ясногорск;08.04.2023;15:00;любой
298;Рязань;Ясногорск;11.04.2023;15:00;любой
410;Рязань;Ясногорск;14.04.2023;16:00;любой
710;Рязань;Ясногорск;21.04.2023;15:00;любой
17;Тула;Ясногорск;01.04.2023;15:00;любой
128;Тула;Ясногорск;07.04.2023;15:00;любой
352;Тула;Ясногорск;11.04.2023;15:00;любой
744;Ярославль;Ясногорск;22.04.2023;16:00;любой
341;Владимир;Ясногорск;11.04.2023;16:00;любой
512;Владимир;Ясногорск;16.04.2023;15:00;любой
821;Владимир;Ясногорск;24.04.2023;16:00;любой
116;Рязань;Ясногорск;07.04.2023;15:00;любой
172;Рязань;Ясногорск;08.04.2023;15:00;любой
234;Рязань;Ясногорск;09.04.2023;15:00;любой
463;Рязань;Ясногорск;15.04.2023;20:00;любой
567;Рязань;Ясногорск;17.04.2023;15:00;любой
620;Рязань;Ясногорск;18.04.2023;15:00;любой
793;Рязань;Ясногорск;23.04.2023;21:00;любой
1026;Ярославль;Ясногорск;30.04.2023;15:00;любой
404;Гусь-Хрустальный;Рыбинск;14.04.2023;00:00;боковой
558;Иваново;Ясногорск;17.04.2023;15:00;любой
563;Иваново;Ясногорск;17.04.2023;;любой
564;Иваново;Ясногорск;17.04.2023;;любой
565;Иваново;Ясногорск;17.04.2023;15:00;любой
566;Иваново;Ясногорск;17.04.2023;15:00;любой
601;Иваново;Ясногорск;18.04.2023;15:00;любой
609;Иваново;Ясногорск;18.04.2023;15:00;любой
623;Иваново;Ясногорск;18.04.2023;15:00;любой
702;Иваново;Ясногорск;21.04.2023;15:00;любой
703;Иваново;Ясногорск;21.04.2023;15:00;любой
704;Иваново;Ясногорск;21.04.2023;15:00;любой
707;Иваново;Ясногорск;21.04.2023;15:00;любой
168;Иваново;Рыбинск;08.04.2023;00:00;любой
169;Иваново;Рыбинск;08.04.2023;00:00;задний
195;Иваново;Рыбинск;09.04.2023;00:00;задний
202;Иваново;Рыбинск;09.04.2023;00:00;любой
216;Иваново;Рыбинск;09.04.2023;00:00;любой
237;Иваново;Рыбинск;09.04.2023;00:00;любой
241;Иваново;Рыбинск;09.04.2023;00:00;задний
272;Иваново;Рыбинск;10.04.2023;00:00;задний
274;Иваново;Рыбинск;10.04.2023;00:00;любой
375;Иваново;Рыбинск;14.04.2023;00:00;задний
469;Иваново;Рыбинск;15.04.2023;00:00;любой
477;Иваново;Рыбинск;15.04.2023;00:00;любой
492;Иваново;Рыбинск;16.04.2023;00:00;любой
502;Иваново;Рыбинск;16.04.2023;00:00;любой
559;Иваново;Рыбинск;17.04.2023;00:00;задний
560;Иваново;Рыбинск;17.04.2023;00:00;любой
571;Иваново;Рыбинск;17.04.2023;00:00;задний
576;Иваново;Рыбинск;17.04.2023;00:00;любой
605;Иваново;Рыбинск;18.04.2023;00:00;любой
614;Иваново;Рыбинск;18.04.2023;00:00;задний
683;Иваново;Рыбинск;21.04.2023;00:00;задний
708;Иваново;Рыбинск;21.04.2023;00:00;любой
729;Иваново;Рыбинск;22.04.2023;00:00;любой
788;Иваново;Рыбинск;23.04.2023;00:00;задний
846;Иваново;Рыбинск;24.04.2023;00:00;задний
850;Иваново;Рыбинск;24.04.2023;00:00;любой
856;Иваново;Рыбинск;25.04.2023;00:00;любой
862;Иваново;Рыбинск;25.04.2023;00:00;задний
869;Иваново;Рыбинск;25.04.2023;00:00;задний
936;Иваново;Рыбинск;28.04.2023;00:00;задний
948;Иваново;Рыбинск;28.04.2023;00:00;любой
949;Иваново;Рыбинск;28.04.2023;00:00;любой
983;Иваново;Рыбинск;29.04.2023;00:00;задний
986;Иваново;Рыбинск;29.04.2023;00:00;любой
995;Иваново;Рыбинск;29.04.2023;00:00;задний
1053;Иваново;Рыбинск;30.04.2023;00:00;любой
1054;Иваново;Рыбинск;30.04.2023;00:00;задний
736;Кохма;Ясногорск;22.04.2023;15:00;любой
26;Тейково;Ясногорск;01.04.2023;15:00;любой
386;Тейково;Ясногорск;14.04.2023;16:00;любой
22;Фурманов;Ясногорск;01.04.2023;15:00;любой
323;Фурманов;Ясногорск;11.04.2023;15:00;любой
741;Фурманов;Ясногорск;22.04.2023;;любой
991;Фурманов;Ясногорск;29.04.2023;15:00;любой
688;Тейково;Ясногорск;21.04.2023;15:00;любой
165;Большое Ступкино;Рыбинск;08.04.2023;00:00;любой
194;Большое Ступкино;Рыбинск;09.04.2023;00:00;любой
275;Большое Ступкино;Рыбинск;10.04.2023;00:00;любой
318;Большое Ступкино;Рыбинск;11.04.2023;00:00;любой
332;Большое Ступкино;Рыбинск;11.04.2023;00:00;любой
374;Большое Ступкино;Рыбинск;14.04.2023;00:00;любой
633;Большое Ступкино;Рыбинск;18.04.2023;00:00;любой
724;Большое Ступкино;Рыбинск;22.04.2023;00:00;любой
790;Большое Ступкино;Рыбинск;23.04.2023;00:00;любой
811;Большое Ступкино;Рыбинск;24.04.2023;00:00;любой
833;Большое Ступкино;Рыбинск;24.04.2023;00:00;любой
27;Коляново;Ясногорск;01.04.2023;15:00;любой
387;Коляново;Ясногорск;14.04.2023;15:00;любой
733;Коляново;Ясногорск;22.04.2023;15:00;любой
43;Кохма;Ясногорск;02.04.2023;15:00;любой
443;Кохма;Ясногорск;15.04.2023;15:00;любой
603;Лежнево;Рыбинск;18.04.2023;00:00;задний
501;Палех;Ясногорск;16.04.2023;15:00;любой
815;Палех;Ясногорск;23.04.2023;15:00;любой
11;Лежнево;Ясногорск;01.04.2023;15:00;любой
36;Лежнево;Ясногорск;02.04.2023;15:00;любой
40;Лежнево;Ясногорск;02.04.2023;15:00;любой
44;Лежнево;Ясногорск;02.04.2023;15:00;любой
72;Лежнево;Ясногорск;03.04.2023;15:00;любой
120;Лежнево;Ясногорск;07.04.2023;15:00;любой
177;Лежнево;Ясногорск;08.04.2023;16:00;любой
209;Лежнево;Ясногорск;09.04.2023;15:00;любой
266;Лежнево;Ясногорск;10.04.2023;15:00;любой
295;Лежнево;Ясногорск;11.04.2023;13:00;любой
297;Лежнево;Ясногорск;11.04.2023;15:00;любой
382;Лежнево;Ясногорск;14.04.2023;15:00;любой
388;Лежнево;Ясногорск;14.04.2023;15:00;любой
393;Лежнево;Ясногорск;14.04.2023;16:00;любой
447;Лежнево;Ясногорск;15.04.2023;15:00;любой
473;Лежнево;Ясногорск;15.04.2023;15:00;любой
536;Лежнево;Ясногорск;17.04.2023;12:00;любой
593;Лежнево;Ясногорск;18.04.2023;16:00;любой
599;Лежнево;Ясногорск;18.04.2023;15:00;любой
669;Лежнево;Ясногорск;21.04.2023;15:00;любой
670;Лежнево;Ясногорск;21.04.2023;15:00;любой
681;Лежнево;Ясногорск;21.04.2023;15:00;любой
743;Лежнево;Ясногорск;22.04.2023;15:00;любой
745;Лежнево;Ясногорск;22.04.2023;15:00;любой
771;Лежнево;Ясногорск;23.04.2023;15:00;любой
772;Лежнево;Ясногорск;23.04.2023;15:00;любой
778;Лежнево;Ясногорск;23.04.2023;15:00;любой
779;Лежнево;Ясногорск;23.04.2023;15:00;любой
825;Лежнево;Ясногорск;24.04.2023;14:00;любой
834;Лежнево;Ясногорск;24.04.2023;15:00;любой
891;Лежнево;Ясногорск;24.04.2023;15:00;любой
952;Лежнево;Ясногорск;28.04.2023;15:00;любой
1000;Лежнево;Ясногорск;29.04.2023;15:00;любой
1001;Лежнево;Ясногорск;29.04.2023;15:00;любой
1033;Лежнево;Ясногорск;30.04.2023;;любой
1045;Лежнево;Ясногорск;30.04.2023;;любой
320;Палех;Рыбинск;11.04.2023;00:00;боковой
545;Лежнево;Ясногорск;17.04.2023;15:00;любой
547;Лежнево;Ясногорск;17.04.2023;15:00;любой
607;Лежнево;Ясногорск;18.04.2023;15:00;любой
776;Лежнево;Ясногорск;23.04.2023;14:00;любой
892;Лежнево;Ясногорск;25.04.2023;15:00;любой
203;Палех;Ясногорск;09.04.2023;16:00;любой
206;Палех;Ясногорск;09.04.2023;15:00;любой
281;Палех;Ясногорск;10.04.2023;15:00;любой
515;Палех;Ясногорск;16.04.2023;15:00;любой
664;Палех;Ясногорск;21.04.2023;15:00;любой
961;Палех;Ясногорск;28.04.2023;16:00;любой
45;Приволжск;Ясногорск;02.04.2023;15:00;любой
49;Приволжск;Ясногорск;03.04.2023;12:00;любой
130;Приволжск;Ясногорск;07.04.2023;15:00;любой
176;Приволжск;Ясногорск;08.04.2023;16:00;любой
340;Приволжск;Ясногорск;11.04.2023;15:00;любой
407;Приволжск;Ясногорск;14.04.2023;15:00;любой
569;Приволжск;Ясногорск;17.04.2023;15:00;любой
784;Приволжск;Ясногорск;23.04.2023;;любой
903;Приволжск;Ясногорск;25.04.2023;16:00;любой
963;Приволжск;Ясногорск;28.04.2023;16:00;любой
127;Бибирево;Ясногорск;07.04.2023;16:00;любой
452;Бибирево;Ясногорск;15.04.2023;15:00;любой
816;Бибирево;Ясногорск;23.04.2023;15:00;любой
64;Чернореченский;Ясногорск;03.04.2023;15:00;любой
178;Чернореченский;Ясногорск;08.04.2023;16:00;любой
267;Чернореченский;Ясногорск;10.04.2023;15:00;любой
516;Чернореченский;Ясногорск;16.04.2023;15:00;любой
625;Чернореченский;Ясногорск;18.04.2023;15:00;любой
674;Чернореченский;Ясногорск;21.04.2023;14:00;любой
819;Чернореченский;Ясногорск;24.04.2023;16:00;любой
48;Фурманов;Ясногорск;02.04.2023;15:00;любой
8;Шуя;Ясногорск;01.04.2023;15:00;любой
65;Шуя;Ясногорск;03.04.2023;15:00;любой
621;Шуя;Ясногорск;18.04.2023;15:00;любой
990;Шуя;Ясногорск;29.04.2023;15:00;любой
294;Шуя;Ясногорск;11.04.2023;15:00;любой
338;Шуя;Ясногорск;11.04.2023;15:00;любой
408;Шуя;Ясногорск;14.04.2023;16:00;любой
296;Гоголево;Ясногорск;11.04.2023;15:00;любой
773;Гоголево;Ясногорск;23.04.2023;16:00;любой
839;Гоголево;Ясногорск;24.04.2023;15:00;любой
962;Лесное;Ясногорск;28.04.2023;16:00;любой
315;Игнатово;Рыбинск;11.04.2023;00:00;любой
626;Майдаково;Ясногорск;18.04.2023;16:00;любой
894;Майдаково;Ясногорск;25.04.2023;;любой
319;Майдаково;Рыбинск;11.04.2023;00:00;любой
399;Родники;Ясногорск;14.04.2023;15:00;любой
749;Родники;Ясногорск;22.04.2023;;любой
600;Шилыково;Ясногорск;18.04.2023;14:00;любой
843;Шилыково;Ясногорск;24.04.2023;14:00;любой
1030;Шилыково;Ясногорск;30.04.2023;15:00;любой
67;Богородское;Ясногорск;03.04.2023;15:00;любой
170;Богородское;Ясногорск;08.04.2023;15:00;любой
280;Богородское;Ясногорск;10.04.2023;15:00;любой
303;Богородское;Ясногорск;11.04.2023;15:00;любой
342;Богородское;Ясногорск;11.04.2023;16:00;любой
397;Богородское;Ясногорск;14.04.2023;15:00;любой
471;Богородское;Ясногорск;15.04.2023;15:00;любой
568;Богородское;Ясногорск;17.04.2023;15:00;любой
627;Богородское;Ясногорск;18.04.2023;16:00;любой
695;Богородское;Ясногорск;21.04.2023;15:00;любой
824;Богородское;Ясногорск;24.04.2023;15:00;любой
865;Богородское;Ясногорск;25.04.2023;15:00;любой
890;Богородское;Ясногорск;25.04.2023;16:00;любой
1006;Богородское;Ясногорск;29.04.2023;15:00;любой
1032;Богородское;Ясногорск;30.04.2023;15:00;любой
1043;Богородское;Ясногорск;30.04.2023;15:00;любой
1044;Богородское;Ясногорск;30.04.2023;15:00;любой
149;Богородское;Рыбинск;07.04.2023;00:00;задний
238;Богородское;Рыбинск;09.04.2023;00:00;задний
498;Богородское;Рыбинск;16.04.2023;00:00;задний
866;Богородское;Рыбинск;25.04.2023;00:00;задний
938;Богородское;Рыбинск;28.04.2023;00:00;задний
1010;Богородское;Рыбинск;29.04.2023;00:00;задний
0;Шилыково;Ясногорск;01.04.2023;15:00;любой
791;Шилыково;Ясногорск;24.04.2023;16:00;любой
764;Шуя;Рыбинск;23.04.2023;00:00;задний
225;Большое Ступкино;Ясногорск;09.04.2023;15:00;любой
400;Большое Ступкино;Ясногорск;14.04.2023;15:00;любой
931;Большое Ступкино;Ясногорск;28.04.2023;15:00;любой
343;Богородское;Ясногорск;11.04.2023;16:00;любой
1;Кохма;Ясногорск;01.04.2023;15:00;любой
63;Кохма;Ясногорск;03.04.2023;15:00;любой
383;Кохма;Ясногорск;14.04.2023;15:00;любой
403;Кохма;Ясногорск;14.04.2023;15:00;любой
461;Кохма;Ясногорск;15.04.2023;15:00;любой
517;Кохма;Ясногорск;16.04.2023;15:00;любой
543;Кохма;Ясногорск;17.04.2023;15:00;любой
1009;Кохма;Ясногорск;29.04.2023;15:00;любой
33;Шуя;Ясногорск;02.04.2023;15:00;любой
458;Шуя;Ясногорск;15.04.2023;15:00;любой
1003;Шуя;Ясногорск;29.04.2023;15:00;любой
32;Шилыково;Ясногорск;02.04.2023;15:00;любой
285;Шилыково;Ясногорск;10.04.2023;15:00;любой
454;Шилыково;Ясногорск;15.04.2023;15:00;любой
544;Шилыково;Ясногорск;17.04.2023;16:00;любой
780;Шилыково;Ясногорск;23.04.2023;15:00;любой
141;Казань;Рыбинск;07.04.2023;00:00;боковой
188;Казань;Рыбинск;08.04.2023;00:00;боковой
189;Казань;Рыбинск;08.04.2023;00:00;задний
228;Казань;Рыбинск;09.04.2023;00:00;боковой
240;Казань;Рыбинск;09.04.2023;00:00;боковой
284;Казань;Рыбинск;10.04.2023;00:00;задний
289;Казань;Рыбинск;10.04.2023;00:00;боковой
333;Казань;Рыбинск;11.04.2023;00:00;боковой
377;Казань;Рыбинск;14.04.2023;00:00;боковой
394;Казань;Рыбинск;14.04.2023;00:00;боковой
411;Казань;Рыбинск;14.04.2023;00:00;задний
412;Казань;Рыбинск;14.04.2023;00:00;задний
424;Казань;Рыбинск;14.04.2023;00:00;задний
425;Казань;Рыбинск;14.04.2023;00:00;боковой
426;Казань;Рыбинск;14.04.2023;00:00;задний
446;Казань;Рыбинск;15.04.2023;00:00;задний
448;Казань;Рыбинск;15.04.2023;00:00;боковой
450;Казань;Рыбинск;15.04.2023;00:00;боковой
466;Казань;Рыбинск;15.04.2023;00:00;задний
470;Казань;Рыбинск;15.04.2023;00:00;задний
489;Казань;Рыбинск;16.04.2023;00:00;задний
494;Казань;Рыбинск;16.04.2023;00:00;задний
504;Казань;Рыбинск;16.04.2023;00:00;боковой
519;Казань;Рыбинск;16.04.2023;00:00;задний
534;Казань;Рыбинск;17.04.2023;00:00;боковой
551;Казань;Рыбинск;17.04.2023;00:00;задний
572;Казань;Рыбинск;17.04.2023;00:00;задний
587;Казань;Рыбинск;18.04.2023;00:00;задний
588;Казань;Рыбинск;18.04.2023;00:00;боковой
591;Казань;Рыбинск;18.04.2023;00:00;боковой
631;Казань;Рыбинск;18.04.2023;00:00;задний
665;Казань;Рыбинск;21.04.2023;00:00;задний
667;Казань;Рыбинск;21.04.2023;00:00;боковой
678;Казань;Рыбинск;21.04.2023;00:00;боковой
679;Казань;Рыбинск;21.04.2023;00:00;задний
685;Казань;Рыбинск;21.04.2023;00:00;задний
705;Казань;Рыбинск;21.04.2023;00:00;задний
706;Казань;Рыбинск;21.04.2023;00:00;боковой
719;Казань;Рыбинск;22.04.2023;00:00;задний
730;Казань;Рыбинск;22.04.2023;00:00;задний
735;Казань;Рыбинск;22.04.2023;00:00;задний
766;Казань;Рыбинск;23.04.2023;00:00;задний
767;Казань;Рыбинск;23.04.2023;00:00;боковой
768;Казань;Рыбинск;23.04.2023;00:00;боковой
801;Казань;Рыбинск;24.04.2023;00:00;задний
830;Казань;Рыбинск;24.04.2023;00:00;боковой
831;Казань;Рыбинск;24.04.2023;00:00;боковой
841;Казань;Рыбинск;24.04.2023;00:00;задний
842;Казань;Рыбинск;24.04.2023;00:00;боковой
863;Казань;Рыбинск;25.04.2023;00:00;задний
874;Казань;Рыбинск;25.04.2023;00:00;боковой
886;Казань;Рыбинск;25.04.2023;00:00;задний
934;Казань;Рыбинск;28.04.2023;00:00;задний
939;Казань;Рыбинск;28.04.2023;00:00;боковой
940;Казань;Рыбинск;28.04.2023;00:00;задний
941;Казань;Рыбинск;28.04.2023;00:00;боковой
943;Казань;Рыбинск;28.04.2023;00:00;задний
999;Казань;Рыбинск;29.04.2023;00:00;задний
1048;Казань;Рыбинск;30.04.2023;00:00;задний
1049;Казань;Рыбинск;30.04.2023;00:00;задний
1050;Казань;Рыбинск;30.04.2023;00:00;задний
1052;Казань;Рыбинск;30.04.2023;00:00;задний
142;Казань;Рыбинск;07.04.2023;00:00;задний
174;Казань;Рыбинск;08.04.2023;00:00;задний
197;Казань;Рыбинск;09.04.2023;00:00;задний
335;Казань;Рыбинск;11.04.2023;00:00;задний
442;Казань;Рыбинск;15.04.2023;00:00;задний
508;Казань;Рыбинск;16.04.2023;00:00;задний
573;Казань;Рыбинск;17.04.2023;00:00;задний
676;Казань;Рыбинск;21.04.2023;00:00;задний
795;Казань;Рыбинск;24.04.2023;;задний
810;Казань;Рыбинск;24.04.2023;00:00;задний
812;Казань;Рыбинск;24.04.2023;00:00;задний
826;Казань;Рыбинск;24.04.2023;00:00;задний
945;Казань;Рыбинск;28.04.2023;00:00;задний
1051;Казань;Рыбинск;30.04.2023;00:00;задний
328;Калуга;Рыбинск;11.04.2023;00:00;боковой
376;Калуга;Рыбинск;14.04.2023;00:00;боковой
513;Балабаново;Ясногорск;16.04.2023;15:00;любой
624;Балабаново;Ясногорск;18.04.2023;15:00;любой
77;Малоярославец;Ясногорск;03.04.2023;14:00;любой
205;Малоярославец;Ясногорск;09.04.2023;16:00;любой
537;Малоярославец;Ясногорск;17.04.2023;15:00;любой
581;Малоярославец;Ясногорск;18.04.2023;16:00;любой
697;Малоярославец;Ясногорск;21.04.2023;15:00;любой
774;Малоярославец;Ясногорск;23.04.2023;16:00;любой
827;Малоярославец;Ясногорск;24.04.2023;16:00;любой
977;Малоярославец;Ясногорск;29.04.2023;15:00;любой
982;Обнинск;Ясногорск;29.04.2023;14:00;любой
365;Кострома;Ясногорск;11.04.2023;16:00;любой
783;Нерехта;Ясногорск;23.04.2023;;любой
273;Нерехта;Рыбинск;10.04.2023;00:00;любой
687;Кохма;Рыбинск;21.04.2023;00:00;любой
692;Кохма;Рыбинск;21.04.2023;00:00;любой
693;Кохма;Рыбинск;21.04.2023;00:00;любой
711;Кохма;Рыбинск;21.04.2023;00:00;любой
3;Новороссийск;Краснодар;01.04.2023;15:00;любой
53;Новороссийск;Краснодар;02.04.2023;12:00;любой
85;Новороссийск;Краснодар;03.04.2023;18:30;любой
570;Новороссийск;Краснодар;17.04.2023;15:00;любой
731;Новороссийск;Краснодар;22.04.2023;16:00;любой
732;Новороссийск;Краснодар;22.04.2023;16:00;любой
21;Новороссийск;Кропоткин;01.04.2023;14:55;любой
28;Новороссийск;Кропоткин;01.04.2023;17:00;любой
51;Новороссийск;Кропоткин;02.04.2023;15:55;любой
80;Новороссийск;Кропоткин;03.04.2023;00:00;любой
100;Новороссийск;Кропоткин;06.04.2023;17:55;любой
108;Новороссийск;Кропоткин;07.04.2023;16:15;любой
109;Новороссийск;Кропоткин;07.04.2023;12:00;любой
154;Новороссийск;Кропоткин;08.04.2023;12:00;любой
155;Новороссийск;Кропоткин;08.04.2023;12:00;любой
300;Новороссийск;Кропоткин;11.04.2023;16:00;любой
367;Новороссийск;Кропоткин;11.04.2023;00:00;любой
368;Новороссийск;Кропоткин;13.04.2023;15:10;любой
430;Новороссийск;Кропоткин;14.04.2023;00:00;любой
482;Новороссийск;Кропоткин;15.04.2023;00:00;любой
507;Новороссийск;Кропоткин;17.04.2023;16:30;любой
535;Новороссийск;Кропоткин;17.04.2023;12:55;любой
636;Новороссийск;Кропоткин;18.04.2023;15:55;любой
656;Новороссийск;Кропоткин;18.04.2023;09:00;любой
658;Новороссийск;Кропоткин;19.04.2023;00:00;любой
659;Новороссийск;Кропоткин;20.04.2023;16:00;любой
684;Новороссийск;Кропоткин;21.04.2023;12:00;любой
686;Новороссийск;Кропоткин;21.04.2023;00:00;любой
852;Новороссийск;Кропоткин;24.04.2023;08:00;любой
854;Новороссийск;Кропоткин;25.04.2023;00:00;любой
879;Новороссийск;Кропоткин;25.04.2023;13:00;любой
922;Новороссийск;Кропоткин;27.04.2023;14:00;любой
923;Новороссийск;Кропоткин;27.04.2023;17:00;любой
996;Новороссийск;Кропоткин;29.04.2023;14:00;любой
1014;Новороссийск;Кропоткин;29.04.2023;18:00;любой
29;Новороссийск;Пятигорск;02.04.2023;15:30;любой
52;Новороссийск;Пятигорск;02.04.2023;15:00;любой
81;Новороссийск;Пятигорск;04.04.2023;16:55;любой
82;Новороссийск;Пятигорск;04.04.2023;16:55;любой
83;Новороссийск;Пятигорск;03.04.2023;13:30;любой
101;Новороссийск;Пятигорск;06.04.2023;12:00;любой
102;Новороссийск;Пятигорск;06.04.2023;16:55;любой
140;Новороссийск;Пятигорск;07.04.2023;13:30;любой
146;Новороссийск;Пятигорск;07.04.2023;15:00;любой
191;Новороссийск;Пятигорск;09.04.2023;12:00;любой
290;Новороссийск;Пятигорск;10.04.2023;00:00;любой
299;Новороссийск;Пятигорск;11.04.2023;12:00;любой
472;Новороссийск;Пятигорск;15.04.2023;17:00;любой
561;Новороссийск;Пятигорск;17.04.2023;17:00;любой
577;Новороссийск;Пятигорск;17.04.2023;17:00;любой
578;Новороссийск;Пятигорск;18.04.2023;16:30;любой
634;Новороссийск;Пятигорск;20.04.2023;12:00;любой
737;Новороссийск;Пятигорск;22.04.2023;16:05;любой
794;Новороссийск;Пятигорск;23.04.2023;20:00;любой
853;Новороссийск;Пятигорск;25.04.2023;00:00;любой
878;Новороссийск;Пятигорск;26.04.2023;14:00;любой
920;Новороссийск;Пятигорск;27.04.2023;12:00;любой
953;Новороссийск;Пятигорск;29.04.2023;00:00;любой
549;Санкт-Петербург;Рыбинск;17.04.2023;00:00;задний
594;Санкт-Петербург;Рыбинск;18.04.2023;00:00;задний
37;Санкт-Петербург;Ясногорск;02.04.2023;15:00;любой
490;Ступино;Ясногорск;16.04.2023;15:00;любой
610;Ступино;Ясногорск;18.04.2023;15:00;любой
38;Серпухов;Ясногорск;02.04.2023;15:00;любой
66;Серпухов;Ясногорск;03.04.2023;14:00;любой
73;Серпухов;Ясногорск;03.04.2023;15:00;любой
145;Серпухов;Ясногорск;07.04.2023;15:00;любой
201;Серпухов;Ясногорск;09.04.2023;15:00;любой
210;Серпухов;Ясногорск;09.04.2023;15:00;любой
395;Серпухов;Ясногорск;14.04.2023;15:00;любой
455;Серпухов;Ясногорск;15.04.2023;15:00;любой
510;Серпухов;Ясногорск;16.04.2023;16:00;любой
584;Серпухов;Ясногорск;18.04.2023;15:00;любой
589;Серпухов;Ясногорск;18.04.2023;13:00;любой
701;Серпухов;Ясногорск;21.04.2023;15:00;любой
840;Серпухов;Ясногорск;24.04.2023;15:00;любой
951;Серпухов;Ясногорск;28.04.2023;15:00;любой
955;Серпухов;Ясногорск;28.04.2023;16:00;любой
126;Чехов;Ясногорск;08.04.2023;10:00;любой
324;Чехов;Ясногорск;11.04.2023;15:00;любой
675;Чехов;Ясногорск;21.04.2023;15:00;любой
1034;Чехов;Ясногорск;30.04.2023;;любой
422;Протвино;Ясногорск;14.04.2023;15:00;любой
835;Протвино;Ясногорск;24.04.2023;14:00;любой
134;Новочебоксарск;Ясногорск;07.04.2023;15:00;любой
462;Новочебоксарск;Ясногорск;15.04.2023;15:00;любой
193;Приволжск;Рыбинск;08.04.2023;00:00;задний
521;Приволжск;Рыбинск;16.04.2023;00:00;задний
604;Приволжск;Рыбинск;18.04.2023;00:00;задний
84;Адыгейск;Новороссийск;03.04.2023;17:00;любой
287;Адыгейск;Новороссийск;10.04.2023;17:00;любой
580;Адыгейск;Новороссийск;17.04.2023;17:00;любой
787;Адыгейск;Новороссийск;23.04.2023;17:00;любой
969;Адыгейск;Новороссийск;28.04.2023;17:00;любой
329;Зеленодольск;Рыбинск;11.04.2023;00:00;любой
330;Зеленодольск;Рыбинск;11.04.2023;00:00;любой
151;Краснодар;Новороссийск;07.04.2023;17:00;любой
152;Краснодар;Новороссийск;07.04.2023;17:00;любой
190;Краснодар;Новороссийск;08.04.2023;17:00;любой
235;Краснодар;Новороссийск;09.04.2023;17:00;любой
286;Краснодар;Новороссийск;10.04.2023;17:00;любой
414;Краснодар;Новороссийск;14.04.2023;17:00;любой
415;Краснодар;Новороссийск;14.04.2023;17:00;любой
484;Краснодар;Новороссийск;15.04.2023;17:00;любой
524;Краснодар;Новороссийск;16.04.2023;17:00;любой
579;Краснодар;Новороссийск;16.04.2023;17:00;любой
653;Краснодар;Новороссийск;17.04.2023;08:00;любой
738;Краснодар;Новороссийск;21.04.2023;17:00;любой
739;Краснодар;Новороссийск;21.04.2023;17:00;любой
740;Краснодар;Новороссийск;22.04.2023;17:00;любой
786;Краснодар;Новороссийск;23.04.2023;17:00;любой
970;Краснодар;Новороссийск;28.04.2023;17:00;любой
971;Краснодар;Новороссийск;28.04.2023;17:00;любой
973;Краснодар;Новороссийск;28.04.2023;17:00;любой
30;Рыбинск;Ковров;02.04.2023;0:00;любой
35;Тула;Ясногорск;02.04.2023;15:00;любой
125;Тула;Ясногорск;07.04.2023;15:00;любой
204;Тула;Ясногорск;09.04.2023;15:00;любой
339;Тула;Ясногорск;11.04.2023;15:00;любой
381;Тула;Ясногорск;14.04.2023;15:00;любой
453;Тула;Ясногорск;15.04.2023;15:00;любой
606;Тула;Ясногорск;18.04.2023;15:00;любой
777;Тула;Ясногорск;23.04.2023;;любой
814;Тула;Ясногорск;24.04.2023;15:00;любой
79;Богородицк;Ясногорск;03.04.2023;15:00;любой
981;Богородицк;Ясногорск;29.04.2023;15:00;любой
20;Новомосковск;Ясногорск;01.04.2023;15:00;любой
54;Новомосковск;Ясногорск;03.04.2023;10:00;любой
460;Новомосковск;Ясногорск;15.04.2023;15:00;любой
121;Суворов;Ясногорск;07.04.2023;15:00;любой
163;Суворов;Ясногорск;08.04.2023;15:00;любой
465;Суворов;Ясногорск;15.04.2023;15:00;любой
929;Суворов;Ясногорск;28.04.2023;15:00;любой
304;Ясногорск;Радужный;13.04.2023;21:00;любой
775;Ясногорск;Радужный;23.04.2023;23:00;любой
213;Ясногорск;Иваново;09.04.2023;20:00;любой
263;Ясногорск;Иваново;10.04.2023;21:00;любой
271;Ясногорск;Иваново;10.04.2023;23:00;любой
306;Ясногорск;Иваново;13.04.2023;22:00;любой
379;Ясногорск;Иваново;14.04.2023;23:00;любой
611;Ясногорск;Иваново;20.04.2023;23:00;любой
748;Ясногорск;Иваново;22.04.2023;23:00;любой
305;Ясногорск;Ярославль;13.04.2023;22:00;любой
312;Ясногорск;Ярославль;13.04.2023;22:00;любой
321;Ясногорск;Ярославль;13.04.2023;23:00;любой
346;Ясногорск;Ярославль;12.04.2023;23:00;любой
378;Ясногорск;Ярославль;14.04.2023;22:00;любой
389;Ясногорск;Ярославль;14.04.2023;23:00;любой
390;Ясногорск;Ярославль;14.04.2023;22:00;любой
402;Ясногорск;Ярославль;14.04.2023;23:00;любой
445;Ясногорск;Ярославль;15.04.2023;20:00;любой
457;Ясногорск;Ярославль;15.04.2023;23:00;любой
464;Ясногорск;Ярославль;16.04.2023;03:00;любой
474;Ясногорск;Ярославль;16.04.2023;03:00;любой
538;Ясногорск;Ярославль;17.04.2023;20:00;любой
574;Ясногорск;Ярославль;18.04.2023;05:00;любой
575;Ясногорск;Ярославль;18.04.2023;05:00;любой
978;Ясногорск;Ярославль;29.04.2023;22:00;любой
992;Ясногорск;Ярославль;29.04.2023;23:00;любой
1008;Ясногорск;Ярославль;29.04.2023;23:00;любой
1027;Ясногорск;Ярославль;30.04.2023;22:00;любой
1039;Ясногорск;Ярославль;30.04.2023;22:00;любой
1041;Ясногорск;Ярославль;30.04.2023;23:00;любой
269;Ясногорск;Фурманов;10.04.2023;22:00;любой
694;Ясногорск;Фурманов;21.04.2023;23:00;любой
92;Ясногорск;Фурманов;05.04.2023;22:00;любой
93;Ясногорск;Фурманов;06.04.2023;22:00;любой
94;Ясногорск;Фурманов;06.04.2023;23:00;любой
122;Ясногорск;Фурманов;07.04.2023;22:00;любой
123;Ясногорск;Фурманов;07.04.2023;23:00;любой
132;Ясногорск;Фурманов;07.04.2023;23:00;любой
173;Ясногорск;Фурманов;08.04.2023;23:00;любой
181;Ясногорск;Фурманов;08.04.2023;23:00;любой
221;Ясногорск;Фурманов;09.04.2023;23:00;любой
348;Ясногорск;Балабаново;13.04.2023;22:00;любой
344;Ясногорск;Кондрово;12.04.2023;22:00;любой
345;Ясногорск;Кондрово;12.04.2023;23:00;любой
391;Ясногорск;Кондрово;14.04.2023;15:00;любой
396;Ясногорск;Кондрово;14.04.2023;23:00;любой
398;Ясногорск;Кондрово;14.04.2023;15:00;любой
429;Ясногорск;Кондрово;15.04.2023;00:00;любой
864;Ясногорск;Кондрово;27.04.2023;23:00;любой
930;Ясногорск;Кондрово;28.04.2023;23:00;любой
13;Ясногорск;Дзержинск;01.04.2023;20:00;любой
15;Ясногорск;Дзержинск;02.04.2023;22:00;любой
16;Ясногорск;Дзержинск;02.04.2023;22:00;любой
69;Ясногорск;Дзержинск;06.04.2023;21:00;любой
70;Ясногорск;Дзержинск;06.04.2023;22:00;любой
105;Ясногорск;Дзержинск;08.04.2023;20:00;любой
107;Ясногорск;Дзержинск;08.04.2023;21:00;любой
156;Ясногорск;Дзержинск;08.04.2023;22:00;любой
313;Ясногорск;Дзержинск;13.04.2023;21:00;любой
317;Ясногорск;Дзержинск;14.04.2023;21:00;любой
347;Ясногорск;Дзержинск;13.04.2023;20:00;любой
349;Ясногорск;Дзержинск;13.04.2023;22:00;любой
440;Ясногорск;Дзержинск;16.04.2023;20:00;любой
441;Ясногорск;Дзержинск;16.04.2023;21:00;любой
74;Ясногорск;Зеленодольск;03.04.2023;23:00;любой
75;Ясногорск;Зеленодольск;05.04.2023;22:00;любой
384;Ясногорск;Зеленодольск;14.04.2023;20:00;любой
877;Ясногорск;Зеленодольск;25.04.2023;23:00;любой
207;Ясногорск;Ярославль;09.04.2023;20:00;любой
1024;Ясногорск;Ярославль;30.04.2023;20:00;любой
282;Петровский;Ясногорск;10.04.2023;15:00;любой
789;Петровский;Ясногорск;23.04.2023;15:00;любой
491;Фурманов;Рыбинск;16.04.2023;00:00;боковой
728;Фурманов;Рыбинск;22.04.2023;00:00;боковой
985;Фурманов;Рыбинск;29.04.2023;00:00;боковой
527;Чебоксары;Рыбинск;17.04.2023;;боковой
541;Чебоксары;Рыбинск;17.04.2023;00:00;боковой
666;Чебоксары;Рыбинск;21.04.2023;00:00;боковой
781;Чебоксары;Рыбинск;23.04.2023;00:00;боковой
782;Чебоксары;Рыбинск;23.04.2023;00:00;боковой
802;Чебоксары;Рыбинск;24.04.2023;00:00;боковой
803;Чебоксары;Рыбинск;24.04.2023;00:00;боковой
880;Чебоксары;Рыбинск;25.04.2023;00:00;боковой
4;Константиновское;Ясногорск;01.04.2023;15:00;любой
5;Константиновское;Ясногорск;01.04.2023;15:00;любой
71;Константиновское;Ясногорск;03.04.2023;15:00;любой
129;Константиновское;Ясногорск;07.04.2023;15:00;любой
147;Константиновское;Ясногорск;07.04.2023;16:00;любой
236;Константиновское;Ясногорск;09.04.2023;16:00;любой
258;Константиновское;Ясногорск;10.04.2023;15:00;любой
260;Константиновское;Ясногорск;10.04.2023;15:00;любой
293;Константиновское;Ясногорск;11.04.2023;10:00;любой
307;Константиновское;Ясногорск;11.04.2023;15:00;любой
322;Константиновское;Ясногорск;11.04.2023;15:00;любой
557;Константиновское;Ясногорск;17.04.2023;15:00;любой
770;Константиновское;Ясногорск;23.04.2023;15:00;любой
837;Константиновское;Ясногорск;24.04.2023;15:00;любой
838;Константиновское;Ясногорск;24.04.2023;15:00;любой
1012;Константиновское;Ясногорск;29.04.2023;23:00;любой
1035;Константиновское;Ясногорск;30.04.2023;;любой
1042;Константиновское;Ясногорск;30.04.2023;;любой
818;Ярославль;Ясногорск;24.04.2023;15:00;любой
836;Ярославль;Рыбинск;24.04.2023;00:00;любой
832;Ярославль;Рыбинск;24.04.2023;00:00;задний
115;Ростов;Ясногорск;07.04.2023;15:00;любой
511;Ростов;Ясногорск;16.04.2023;15:00;любой
988;Ростов;Ясногорск;29.04.2023;15:00;любой
672;Ростов;Рыбинск;21.04.2023;00:00;любой
6;Ростов;Ясногорск;01.04.2023;15:00;любой
117;Ростов;Ясногорск;07.04.2023;15:00;любой
673;Ростов;Ясногорск;21.04.2023;15:00;любой
1037;Ростов;Ясногорск;30.04.2023;;любой
230;Гаврилов-Ям;Ясногорск;09.04.2023;15:00;любой
628;Гаврилов-Ям;Ясногорск;18.04.2023;16:00;любой
751;Гаврилов-Ям;Ясногорск;22.04.2023;15:00;любой
785;Гаврилов-Ям;Ясногорск;23.04.2023;;любой
898;Гаврилов-Ям;Ясногорск;25.04.2023;15:00;любой
1036;Гаврилов-Ям;Ясногорск;30.04.2023;;любой
933;Гаврилов-Ям;Рыбинск;28.04.2023;00:00;любой
91;Рыбинск;Ковров;06.04.2023;00:00;любой
649;Рыбинск;Ковров;20.04.2023;00:00;любой
998;Рыбинск;Ковров;29.04.2023;00:00;любой
1019;Рыбинск;Ковров;30.04.2023;00:00;любой
355;Рыбинск;Лакинск;13.04.2023;00:00;любой
478;Рыбинск;Лакинск;15.04.2023;00:00;любой
243;Рыбинск;Радужный;09.04.2023;00:00;любой
431;Рыбинск;Радужный;14.04.2023;00:00;любой
451;Рыбинск;Радужный;15.04.2023;00:00;любой
562;Рыбинск;Радужный;17.04.2023;00:00;любой
655;Рыбинск;Радужный;19.04.2023;00:00;любой
911;Рыбинск;Радужный;27.04.2023;00:00;любой
935;Рыбинск;Радужный;28.04.2023;00:00;любой
187;Рыбинск;Иваново;08.04.2023;00:00;любой
245;Рыбинск;Иваново;09.04.2023;00:00;любой
246;Рыбинск;Иваново;09.04.2023;00:00;любой
449;Рыбинск;Иваново;15.04.2023;00:00;любой
523;Рыбинск;Иваново;16.04.2023;00:00;любой
662;Рыбинск;Иваново;21.04.2023;00:00;любой
847;Рыбинск;Иваново;24.04.2023;00:00;любой
942;Рыбинск;Иваново;28.04.2023;00:00;любой
965;Рыбинск;Иваново;28.04.2023;00:00;любой
979;Рыбинск;Иваново;29.04.2023;00:00;любой
980;Рыбинск;Иваново;29.04.2023;00:00;любой
1028;Рыбинск;Иваново;30.04.2023;00:00;любой
1057;Рыбинск;Иваново;30.04.2023;00:00;любой
1058;Рыбинск;Иваново;30.04.2023;00:00;любой
651;Рыбинск;Казань;20.04.2023;00:00;любой
143;Рыбинск;Калуга;07.04.2023;00:00;любой
250;Рыбинск;Калуга;10.04.2023;00:00;любой
358;Рыбинск;Калуга;13.04.2023;00:00;любой
438;Рыбинск;Нижний Новгород;15.04.2023;00:00;любой
528;Рыбинск;Нижний Новгород;17.04.2023;00:00;любой
97;Рыбинск;Рязань;06.04.2023;00:00;любой
229;Рыбинск;Рязань;09.04.2023;00:00;любой
418;Рыбинск;Рязань;14.04.2023;00:00;любой
506;Рыбинск;Рязань;16.04.2023;00:00;любой
647;Рыбинск;Рязань;20.04.2023;00:00;любой
763;Рыбинск;Рязань;23.04.2023;00:00;любой
14;Рыбинск;Ульяновск;01.04.2023;00:00;любой
265;Рыбинск;Чебоксары;10.04.2023;00:00;любой
366;Рыбинск;Чебоксары;13.04.2023;00:00;любой
401;Рыбинск;Чебоксары;14.04.2023;00:00;любой
539;Рыбинск;Чебоксары;17.04.2023;00:00;любой
718;Рыбинск;Чебоксары;22.04.2023;00:00;любой
829;Рыбинск;Чебоксары;24.04.2023;00:00;любой
997;Рыбинск;Чебоксары;29.04.2023;00:00;любой
291;Рыбинск;Казань;10.04.2023;00:00;любой
370;Рыбинск;Казань;14.04.2023;00:00;любой
372;Рыбинск;Казань;14.04.2023;00:00;любой
432;Рыбинск;Казань;15.04.2023;00:00;любой
486;Рыбинск;Казань;16.04.2023;00:00;любой
525;Рыбинск;Казань;17.04.2023;00:00;любой
644;Рыбинск;Казань;20.04.2023;00:00;любой
660;Рыбинск;Казань;21.04.2023;00:00;любой
336;Рыбинск;Кострома;11.04.2023;00:00;любой
792;Рыбинск;Кострома;23.04.2023;00:00;любой
882;Рыбинск;Кострома;25.04.2023;00:00;любой
483;Рыбинск;Ярославль;15.04.2023;00:00;любой
192;Рыбинск;Иваново;08.04.2023;00:00;любой
663;Рыбинск;Иваново;21.04.2023;00:00;любой
166;Рыбинск;Приволжск;08.04.2023;00:00;любой
326;Рыбинск;Палех;11.04.2023;00:00;любой
808;Рыбинск;Палех;24.04.2023;00:00;любой
947;Рыбинск;Палех;28.04.2023;00:00;любой
661;Рыбинск;Лежнево;21.04.2023;00:00;любой
248;Рыбинск;Суворов;10.04.2023;00:00;любой
357;Рыбинск;Суворов;13.04.2023;00:00;любой
648;Рыбинск;Суворов;20.04.2023;00:00;любой
709;Рыбинск;Суворов;21.04.2023;00:00;любой
855;Рыбинск;Суворов;25.04.2023;00:00;любой
198;Рыбинск;Балабаново;09.04.2023;00:00;любой
255;Рыбинск;Балабаново;10.04.2023;00:00;любой
356;Рыбинск;Балабаново;13.04.2023;00:00;любой
503;Рыбинск;Балабаново;16.04.2023;00:00;любой
616;Рыбинск;Балабаново;18.04.2023;00:00;любой
56;Рыбинск;Новороссийск;03.04.2023;00:00;любой
57;Рыбинск;Новороссийск;03.04.2023;00:00;любой
58;Рыбинск;Новороссийск;03.04.2023;00:00;любой
59;Рыбинск;Новороссийск;03.04.2023;00:00;любой
60;Рыбинск;Новороссийск;04.04.2023;00:00;любой
61;Рыбинск;Новороссийск;04.04.2023;00:00;любой
62;Рыбинск;Новороссийск;04.04.2023;00:00;любой
725;Рыбинск;Новороссийск;22.04.2023;00:00;любой
726;Рыбинск;Новороссийск;22.04.2023;00:00;любой
798;Рыбинск;Новороссийск;24.04.2023;00:00;любой
799;Рыбинск;Новороссийск;24.04.2023;00:00;любой
904;Рыбинск;Новороссийск;27.04.2023;00:00;любой
917;Рыбинск;Новороссийск;27.04.2023;00:00;любой
103;Рыбинск;Курск;08.04.2023;00:00;любой
164;Рыбинск;Малоярославец;08.04.2023;00:00;любой
350;Рыбинск;Малоярославец;11.04.2023;00:00;любой
351;Рыбинск;Малоярославец;11.04.2023;00:00;любой
361;Рыбинск;Малоярославец;13.04.2023;00:00;любой
9;Рыбинск;Богородск;01.04.2023;00:00;любой
199;Рыбинск;Богородск;09.04.2023;00:00;любой
252;Рыбинск;Богородск;10.04.2023;00:00;любой
362;Рыбинск;Богородск;13.04.2023;00:00;любой
364;Рыбинск;Богородск;13.04.2023;00:00;любой
369;Рыбинск;Богородск;14.04.2023;00:00;любой
480;Рыбинск;Богородск;15.04.2023;00:00;любой
499;Рыбинск;Богородск;16.04.2023;00:00;любой
530;Рыбинск;Богородск;17.04.2023;00:00;любой
617;Рыбинск;Богородск;18.04.2023;00:00;любой
717;Рыбинск;Богородск;22.04.2023;00:00;любой
910;Рыбинск;Богородск;27.04.2023;00:00;любой
520;Рыбинск;Приволжск;16.04.2023;00:00;любой
761;Рыбинск;Приволжск;23.04.2023;00:00;любой
1061;Рыбинск;Приволжск;30.04.2023;00:00;любой
650;Рыбинск;Зеленодольск;20.04.2023;00:00;любой
185;Рыбинск;Зеленодольск;08.04.2023;00:00;любой
186;Рыбинск;Зеленодольск;08.04.2023;00:00;любой
218;Рыбинск;Зеленодольск;09.04.2023;00:00;любой
310;Рыбинск;Зеленодольск;11.04.2023;00:00;любой
359;Рыбинск;Зеленодольск;13.04.2023;00:00;любой
360;Рыбинск;Зеленодольск;13.04.2023;00:00;любой
434;Рыбинск;Зеленодольск;15.04.2023;00:00;любой
526;Рыбинск;Зеленодольск;17.04.2023;00:00;любой
645;Рыбинск;Зеленодольск;20.04.2023;00:00;любой
713;Рыбинск;Зеленодольск;22.04.2023;00:00;любой
805;Рыбинск;Зеленодольск;24.04.2023;00:00;любой
845;Рыбинск;Зеленодольск;24.04.2023;00:00;любой
919;Рыбинск;Зеленодольск;27.04.2023;00:00;любой
1021;Рыбинск;Зеленодольск;30.04.2023;00:00;любой
1022;Рыбинск;Зеленодольск;30.04.2023;00:00;любой
1023;Рыбинск;Зеленодольск;30.04.2023;00:00;любой
31;Рыбинск;Осиново;02.04.2023;00:00;любой
95;Рыбинск;Осиново;06.04.2023;00:00;любой
144;Рыбинск;Осиново;07.04.2023;00:00;любой
249;Рыбинск;Осиново;10.04.2023;00:00;любой
371;Рыбинск;Осиново;14.04.2023;00:00;любой
433;Рыбинск;Осиново;15.04.2023;00:00;любой
756;Рыбинск;Осиново;23.04.2023;00:00;любой
800;Рыбинск;Осиново;24.04.2023;00:00;любой
893;Рыбинск;Осиново;27.04.2023;00:00;любой
914;Рыбинск;Осиново;27.04.2023;00:00;любой
924;Рыбинск;Осиново;28.04.2023;00:00;любой
925;Рыбинск;Осиново;28.04.2023;00:00;любой
974;Рыбинск;Осиново;29.04.2023;00:00;любой
437;Рыбинск;Тверь;15.04.2023;00:00;любой
2;Рыбинск;Ясногорск;01.04.2023;;любой
10;Рыбинск;Ясногорск;01.04.2023;00:00;любой
86;Рыбинск;Ясногорск;05.04.2023;00:00;любой
87;Рыбинск;Ясногорск;05.04.2023;00:00;любой
88;Рыбинск;Ясногорск;06.04.2023;00:00;любой
89;Рыбинск;Ясногорск;06.04.2023;00:00;любой
90;Рыбинск;Ясногорск;06.04.2023;00:00;любой
98;Рыбинск;Ясногорск;06.04.2023;00:00;любой
104;Рыбинск;Ясногорск;07.04.2023;00:00;любой
106;Рыбинск;Ясногорск;07.04.2023;00:00;любой
157;Рыбинск;Ясногорск;08.04.2023;00:00;любой
158;Рыбинск;Ясногорск;08.04.2023;00:00;любой
212;Рыбинск;Ясногорск;09.04.2023;00:00;любой
220;Рыбинск;Ясногорск;09.04.2023;00:00;любой
222;Рыбинск;Ясногорск;09.04.2023;00:00;любой
223;Рыбинск;Ясногорск;09.04.2023;00:00;любой
239;Рыбинск;Ясногорск;09.04.2023;00:00;любой
256;Рыбинск;Ясногорск;10.04.2023;00:00;любой
264;Рыбинск;Ясногорск;10.04.2023;00:00;любой
278;Рыбинск;Ясногорск;10.04.2023;00:00;любой
292;Рыбинск;Ясногорск;10.04.2023;00:00;любой
308;Рыбинск;Ясногорск;11.04.2023;00:00;любой
309;Рыбинск;Ясногорск;11.04.2023;00:00;любой
337;Рыбинск;Ясногорск;12.04.2023;00:00;любой
354;Рыбинск;Ясногорск;13.04.2023;00:00;любой
363;Рыбинск;Ясногорск;13.04.2023;00:00;любой
373;Рыбинск;Ясногорск;14.04.2023;00:00;любой
413;Рыбинск;Ясногорск;14.04.2023;00:00;любой
421;Рыбинск;Ясногорск;14.04.2023;00:00;любой
428;Рыбинск;Ясногорск;14.04.2023;00:00;любой
435;Рыбинск;Ясногорск;15.04.2023;00:00;любой
436;Рыбинск;Ясногорск;15.04.2023;00:00;любой
475;Рыбинск;Ясногорск;15.04.2023;00:00;любой
487;Рыбинск;Ясногорск;16.04.2023;00:00;любой
496;Рыбинск;Ясногорск;16.04.2023;00:00;любой
497;Рыбинск;Ясногорск;16.04.2023;00:00;любой
529;Рыбинск;Ясногорск;17.04.2023;00:00;любой
542;Рыбинск;Ясногорск;17.04.2023;00:00;любой
556;Рыбинск;Ясногорск;17.04.2023;00:00;любой
585;Рыбинск;Ясногорск;18.04.2023;00:00;любой
586;Рыбинск;Ясногорск;18.04.2023;00:00;любой
597;Рыбинск;Ясногорск;18.04.2023;00:00;любой
602;Рыбинск;Ясногорск;18.04.2023;00:00;любой
612;Рыбинск;Ясногорск;18.04.2023;00:00;любой
613;Рыбинск;Ясногорск;18.04.2023;00:00;любой
615;Рыбинск;Ясногорск;18.04.2023;00:00;любой
629;Рыбинск;Ясногорск;18.04.2023;00:00;любой
630;Рыбинск;Ясногорск;19.04.2023;00:00;любой
632;Рыбинск;Ясногорск;19.04.2023;00:00;любой
635;Рыбинск;Ясногорск;19.04.2023;00:00;любой
637;Рыбинск;Ясногорск;19.04.2023;00:00;любой
638;Рыбинск;Ясногорск;19.04.2023;00:00;любой
641;Рыбинск;Ясногорск;20.04.2023;00:00;любой
642;Рыбинск;Ясногорск;20.04.2023;00:00;любой
643;Рыбинск;Ясногорск;20.04.2023;00:00;любой
654;Рыбинск;Ясногорск;19.04.2023;00:00;любой
677;Рыбинск;Ясногорск;21.04.2023;00:00;любой
680;Рыбинск;Ясногорск;21.04.2023;00:00;любой
716;Рыбинск;Ясногорск;22.04.2023;00:00;любой
757;Рыбинск;Ясногорск;23.04.2023;00:00;любой
760;Рыбинск;Ясногорск;23.04.2023;00:00;любой
762;Рыбинск;Ясногорск;23.04.2023;00:00;любой
806;Рыбинск;Ясногорск;24.04.2023;00:00;любой
807;Рыбинск;Ясногорск;24.04.2023;00:00;любой
809;Рыбинск;Ясногорск;24.04.2023;00:00;любой
859;Рыбинск;Ясногорск;25.04.2023;00:00;любой
860;Рыбинск;Ясногорск;25.04.2023;00:00;любой
861;Рыбинск;Ясногорск;25.04.2023;00:00;любой
870;Рыбинск;Ясногорск;26.04.2023;00:00;любой
871;Рыбинск;Ясногорск;26.04.2023;00:00;любой
872;Рыбинск;Ясногорск;26.04.2023;00:00;любой
873;Рыбинск;Ясногорск;26.04.2023;00:00;любой
883;Рыбинск;Ясногорск;26.04.2023;00:00;любой
884;Рыбинск;Ясногорск;26.04.2023;00:00;любой
885;Рыбинск;Ясногорск;26.04.2023;00:00;любой
905;Рыбинск;Ясногорск;27.04.2023;00:00;любой
906;Рыбинск;Ясногорск;27.04.2023;00:00;любой
907;Рыбинск;Ясногорск;27.04.2023;00:00;любой
908;Рыбинск;Ясногорск;27.04.2023;00:00;любой
909;Рыбинск;Ясногорск;27.04.2023;00:00;любой
916;Рыбинск;Ясногорск;26.04.2023;00:00;любой
918;Рыбинск;Ясногорск;26.04.2023;00:00;любой
926;Рыбинск;Ясногорск;28.04.2023;00:00;любой
927;Рыбинск;Ясногорск;28.04.2023;00:00;любой
928;Рыбинск;Ясногорск;28.04.2023;00:00;любой
975;Рыбинск;Ясногорск;29.04.2023;00:00;любой
976;Рыбинск;Ясногорск;29.04.2023;00:00;любой
1016;Рыбинск;Ясногорск;29.04.2023;00:00;любой
7;Рыбинск;Чебоксары;01.04.2023;;любой
34;Рыбинск;Чебоксары;02.04.2023;00:00;любой
96;Рыбинск;Чебоксары;06.04.2023;00:00;любой
114;Рыбинск;Чебоксары;07.04.2023;00:00;любой
153;Рыбинск;Чебоксары;07.04.2023;00:00;любой
159;Рыбинск;Чебоксары;08.04.2023;00:00;любой
160;Рыбинск;Чебоксары;08.04.2023;00:00;любой
161;Рыбинск;Чебоксары;08.04.2023;00:00;любой
200;Рыбинск;Чебоксары;09.04.2023;00:00;любой
253;Рыбинск;Чебоксары;10.04.2023;00:00;любой
254;Рыбинск;Чебоксары;10.04.2023;00:00;любой
353;Рыбинск;Чебоксары;13.04.2023;00:00;любой
488;Рыбинск;Чебоксары;16.04.2023;00:00;любой
532;Рыбинск;Чебоксары;17.04.2023;00:00;любой
640;Рыбинск;Чебоксары;20.04.2023;00:00;любой
646;Рыбинск;Чебоксары;20.04.2023;00:00;любой
652;Рыбинск;Чебоксары;20.04.2023;00:00;любой
712;Рыбинск;Чебоксары;21.04.2023;00:00;любой
714;Рыбинск;Чебоксары;22.04.2023;00:00;любой
715;Рыбинск;Чебоксары;22.04.2023;00:00;любой
758;Рыбинск;Чебоксары;23.04.2023;00:00;любой
759;Рыбинск;Чебоксары;23.04.2023;00:00;любой
804;Рыбинск;Чебоксары;24.04.2023;00:00;любой
912;Рыбинск;Чебоксары;27.04.2023;00:00;любой
913;Рыбинск;Чебоксары;27.04.2023;00:00;любой
915;Рыбинск;Чебоксары;27.04.2023;00:00;любой
946;Рыбинск;Чебоксары;28.04.2023;00:00;любой
964;Рыбинск;Чебоксары;28.04.2023;00:00;любой
967;Рыбинск;Чебоксары;28.04.2023;00:00;любой
968;Рыбинск;Чебоксары;28.04.2023;00:00;любой
987;Рыбинск;Чебоксары;29.04.2023;00:00;любой
1017;Рыбинск;Чебоксары;30.04.2023;00:00;любой
1018;Рыбинск;Чебоксары;30.04.2023;00:00;любой
1020;Рыбинск;Чебоксары;30.04.2023;00:00;любой
277;Рыбинск;Переславль-Залесский;10.04.2023;00:00;любой
639;Рыбинск;Переславль-Залесский;20.04.2023;00:00;любой
